NFT No,Name,Listing Price,Description,Layer,Trait,Listed on OpenSea?,Contract Address,token_id
1700,#1700,0.035,**#1700 is a bot-free fabrication.**,Handbuilt,Blue Tin,no,,
1701,#1701,0.035,**#1701 is a bot-free fabrication.**,Handbuilt,Blue Tin,no,,
1702,#1702,0.035,**#1702 is a bot-free fabrication.**,Handbuilt,Blue Tin,no,,
1703,#1703,0.035,**#1703 is a bot-free fabrication.**,Handbuilt,Blue Tin,no,,
1704,#1704,0.035,**#1704 is a bot-free fabrication.**,Handbuilt,Blue Tin,no,,
1705,#1705,0.035,**#1705 is a bot-free fabrication.**,Handbuilt,Blue Tin,no,,
1706,#1706,0.035,**#1706 is a bot-free fabrication.**,Handbuilt,Blue Tin,no,,
1707,#1707,0.035,**#1707 is a bot-free fabrication.**,Handbuilt,Cancer Stick,no,,
1708,#1708,0.035,**#1708 is a bot-free fabrication.**,Handbuilt,Cancer Stick,no,,
1709,#1709,0.035,**#1709 is a bot-free fabrication.**,Handbuilt,Cancer Stick,no,,
1710,#1710,0.035,**#1710 is a bot-free fabrication.**,Handbuilt,Cancer Stick,no,,
1711,#1711,0.035,**#1711 is a bot-free fabrication.**,Handbuilt,Cancer Stick,no,,
1712,#1712,0.035,**#1712 is a bot-free fabrication.**,Handbuilt,Cancer Stick,no,,
1713,#1713,0.035,**#1713 is a bot-free fabrication.**,Handbuilt,Cancer Stick,no,,
1714,#1714,0.035,**#1714 is a bot-free fabrication.**,Handbuilt,Cancer Stick,no,,
1715,#1715,0.035,**#1715 is a bot-free fabrication.**,Handbuilt,Cancer Stick,no,,
1716,#1716,0.035,**#1716 is a bot-free fabrication.**,Handbuilt,Cancer Stick,no,,
1717,#1717,0.035,**#1717 is a bot-free fabrication.**,Handbuilt,Cancer Stick,no,,
1718,#1718,0.035,**#1718 is a bot-free fabrication.**,Handbuilt,Cancer Stick,no,,
1719,#1719,0.035,**#1719 is a bot-free fabrication.**,Handbuilt,Cancer Stick,no,,
1720,#1720,0.035,**#1720 is a bot-free fabrication.**,Handbuilt,Cancer Stick,no,,
1721,#1721,0.035,**#1721 is a bot-free fabrication.**,Handbuilt,Cancer Stick,no,,
1722,#1722,0.035,**#1722 is a bot-free fabrication.**,Handbuilt,Cancer Stick,no,,
1723,#1723,0.035,**#1723 is a bot-free fabrication.**,Handbuilt,Cancer Stick,no,,
1724,#1724,0.035,**#1724 is a bot-free fabrication.**,Handbuilt,Cancer Stick,no,,
1725,#1725,0.035,**#1725 is a bot-free fabrication.**,Handbuilt,Cancer Stick,no,,
1726,#1726,0.035,**#1726 is a bot-free fabrication.**,Handbuilt,Cancer Stick,no,,
1727,#1727,0.035,**#1727 is a bot-free fabrication.**,Handbuilt,Cancer Stick,no,,
1728,#1728,0.035,**#1728 is a bot-free fabrication.**,Handbuilt,Cancer Stick,no,,
1729,#1729,0.035,**#1729 is a bot-free fabrication.**,Handbuilt,Cancer Stick,no,,
1730,#1730,0.035,**#1730 is a bot-free fabrication.**,Handbuilt,Cancer Stick,no,,
1731,#1731,0.035,**#1731 is a bot-free fabrication.**,Handbuilt,Cancer Stick,no,,
1732,#1732,0.035,**#1732 is a bot-free fabrication.**,Handbuilt,Cancer Stick,no,,
1733,#1733,0.035,**#1733 is a bot-free fabrication.**,Handbuilt,Capt America,no,,
1734,#1734,0.035,**#1734 is a bot-free fabrication.**,Handbuilt,Capt America,no,,
1735,#1735,0.035,**#1735 is a bot-free fabrication.**,Handbuilt,Capt America,no,,
1736,#1736,0.035,**#1736 is a bot-free fabrication.**,Handbuilt,Capt America,no,,
1737,#1737,0.035,**#1737 is a bot-free fabrication.**,Handbuilt,Capt America,no,,
1738,#1738,0.035,**#1738 is a bot-free fabrication.**,Handbuilt,Chicken Soop,no,,
1739,#1739,0.035,**#1739 is a bot-free fabrication.**,Handbuilt,Chopzy,no,,
1740,#1740,0.035,**#1740 is a bot-free fabrication.**,Handbuilt,Chopzy,no,,
1741,#1741,0.035,**#1741 is a bot-free fabrication.**,Handbuilt,Chopzy,no,,
1742,#1742,0.035,**#1742 is a bot-free fabrication.**,Handbuilt,Chopzy,no,,
1743,#1743,0.035,**#1743 is a bot-free fabrication.**,Handbuilt,Chopzy,no,,
1744,#1744,0.035,**#1744 is a bot-free fabrication.**,Handbuilt,Chopzy,no,,
1745,#1745,0.035,**#1745 is a bot-free fabrication.**,Handbuilt,Chopzy,no,,
1746,#1746,0.035,**#1746 is a bot-free fabrication.**,Handbuilt,Chopzy,no,,
1747,#1747,0.035,**#1747 is a bot-free fabrication.**,Handbuilt,Chopzy,no,,
1748,#1748,0.035,**#1748 is a bot-free fabrication.**,Handbuilt,Chopzy,no,,
1749,#1749,0.035,**#1749 is a bot-free fabrication.**,Handbuilt,Chopzy,no,,
1750,#1750,0.035,**#1750 is a bot-free fabrication.**,Handbuilt,Chopzy,no,,
1751,#1751,0.035,**#1751 is a bot-free fabrication.**,Handbuilt,Chopzy,no,,
1752,#1752,0.035,**#1752 is a bot-free fabrication.**,Handbuilt,Chopzy,no,,
1753,#1753,0.035,**#1753 is a bot-free fabrication.**,Handbuilt,Chopzy,no,,
1754,#1754,0.035,**#1754 is a bot-free fabrication.**,Handbuilt,Chopzy,no,,
1755,#1755,0.035,**#1755 is a bot-free fabrication.**,Handbuilt,Chopzy,no,,
1756,#1756,0.035,**#1756 is a bot-free fabrication.**,Handbuilt,Chopzy,no,,
1757,#1757,0.035,**#1757 is a bot-free fabrication.**,Handbuilt,Cold Nose Warm Heart,no,,
1758,#1758,0.035,**#1758 is a bot-free fabrication.**,Handbuilt,Cold Nose Warm Heart,no,,
1759,#1759,0.035,**#1759 is a bot-free fabrication.**,Handbuilt,Cold Nose Warm Heart,no,,
1760,#1760,0.035,**#1760 is a bot-free fabrication.**,Handbuilt,Cold Nose Warm Heart,no,,
1761,#1761,0.035,**#1761 is a bot-free fabrication.**,Handbuilt,Cold Nose Warm Heart,no,,
1762,#1762,0.035,**#1762 is a bot-free fabrication.**,Handbuilt,Cold Nose Warm Heart,no,,
1763,#1763,0.035,**#1763 is a bot-free fabrication.**,Handbuilt,Cold Nose Warm Heart,no,,
1764,#1764,0.035,**#1764 is a bot-free fabrication.**,Handbuilt,Cold Nose Warm Heart,no,,
1765,#1765,0.035,**#1765 is a bot-free fabrication.**,Handbuilt,Comic Con,no,,
1766,#1766,0.035,**#1766 is a bot-free fabrication.**,Handbuilt,Comic Con,no,,
1767,#1767,0.035,**#1767 is a bot-free fabrication.**,Handbuilt,Comic Con,no,,
1768,#1768,0.035,**#1768 is a bot-free fabrication.**,Handbuilt,Comic Con,no,,
1769,#1769,0.035,**#1769 is a bot-free fabrication.**,Handbuilt,Gold Tin,no,,
1770,#1770,0.035,**#1770 is a bot-free fabrication.**,Handbuilt,Gold Tin,no,,
1771,#1771,0.035,**#1771 is a bot-free fabrication.**,Handbuilt,Gold Tin,no,,
1772,#1772,0.035,**#1772 is a bot-free fabrication.**,Handbuilt,Gold Tin,no,,
1773,#1773,0.035,**#1773 is a bot-free fabrication.**,Handbuilt,Gold Tin,no,,
1774,#1774,0.035,**#1774 is a bot-free fabrication.**,Handbuilt,Gold Tin,no,,
1775,#1775,0.035,**#1775 is a bot-free fabrication.**,Handbuilt,Gold Tin,no,,
1776,#1776,0.035,**#1776 is a bot-free fabrication.**,Handbuilt,Gold Tin,no,,
1777,#1777,0.035,**#1777 is a bot-free fabrication.**,Handbuilt,Gold Tin,no,,
1778,#1778,0.035,**#1778 is a bot-free fabrication.**,Handbuilt,Gold Tin,no,,
1779,#1779,0.035,**#1779 is a bot-free fabrication.**,Handbuilt,Gold Tin,no,,
1780,#1780,0.035,**#1780 is a bot-free fabrication.**,Handbuilt,Gold Tin,no,,
1781,#1781,0.035,**#1781 is a bot-free fabrication.**,Handbuilt,Gold Tin,no,,
1782,#1782,0.035,**#1782 is a bot-free fabrication.**,Handbuilt,Gold Tin,no,,
1783,#1783,0.035,**#1783 is a bot-free fabrication.**,Handbuilt,Gold Tin,no,,
1784,#1784,0.035,**#1784 is a bot-free fabrication.**,Handbuilt,Gold Tin,no,,
1785,#1785,0.035,**#1785 is a bot-free fabrication.**,Handbuilt,Hot Soop,no,,
1786,#1786,0.035,**#1786 is a bot-free fabrication.**,Handbuilt,Hot Tin,no,,
1787,#1787,0.035,**#1787 is a bot-free fabrication.**,Handbuilt,Hot Tin,no,,
1788,#1788,0.035,**#1788 is a bot-free fabrication.**,Handbuilt,Hot Tin,no,,
1789,#1789,0.035,**#1789 is a bot-free fabrication.**,Handbuilt,Hot Tin,no,,
1790,#1790,0.035,**#1790 is a bot-free fabrication.**,Handbuilt,Hot Tin,no,,
1791,#1791,0.035,**#1791 is a bot-free fabrication.**,Handbuilt,Hot Tin,no,,
1792,#1792,0.035,**#1792 is a bot-free fabrication.**,Handbuilt,Hot Tin,no,,
1793,#1793,0.035,**#1793 is a bot-free fabrication.**,Handbuilt,Hot Tin,no,,
1794,#1794,0.035,**#1794 is a bot-free fabrication.**,Handbuilt,Hot Tin,no,,
1795,#1795,0.035,**#1795 is a bot-free fabrication.**,Handbuilt,Hot Tin,no,,
1796,#1796,0.035,**#1796 is a bot-free fabrication.**,Handbuilt,Made In The Shade,no,,
1797,#1797,0.035,**#1797 is a bot-free fabrication.**,Handbuilt,Made In The Shade,no,,
1798,#1798,0.035,**#1798 is a bot-free fabrication.**,Handbuilt,Made In The Shade,no,,
1799,#1799,0.035,**#1799 is a bot-free fabrication.**,Handbuilt,Made In The Shade,no,,
1800,#1800,0.035,**#1800 is a bot-free fabrication.**,Handbuilt,Made In The Shade,no,,
1801,#1801,0.035,**#1801 is a bot-free fabrication.**,Handbuilt,Made In The Shade,no,,
1802,#1802,0.035,**#1802 is a bot-free fabrication.**,Handbuilt,Made In The Shade,no,,
1803,#1803,0.035,**#1803 is a bot-free fabrication.**,Handbuilt,Made In The Shade,no,,
1804,#1804,0.035,**#1804 is a bot-free fabrication.**,Handbuilt,Made In The Shade,no,,
1805,#1805,0.035,**#1805 is a bot-free fabrication.**,Handbuilt,Misfits,no,,
1806,#1806,0.035,**#1806 is a bot-free fabrication.**,Handbuilt,Misfits,no,,
1807,#1807,0.035,**#1807 is a bot-free fabrication.**,Handbuilt,Misfits,no,,
1808,#1808,0.035,**#1808 is a bot-free fabrication.**,Handbuilt,Misfits,no,,
1809,#1809,0.035,**#1809 is a bot-free fabrication.**,Handbuilt,Misfits,no,,
1810,#1810,0.035,**#1810 is a bot-free fabrication.**,Handbuilt,Misfits,no,,
1811,#1811,0.035,**#1811 is a bot-free fabrication.**,Handbuilt,Misfits,no,,
1812,#1812,0.035,**#1812 is a bot-free fabrication.**,Handbuilt,Misfits,no,,
1813,#1813,0.035,**#1813 is a bot-free fabrication.**,Handbuilt,Misfits,no,,
1814,#1814,0.035,**#1814 is a bot-free fabrication.**,Handbuilt,Misfits,no,,
1815,#1815,0.035,**#1815 is a bot-free fabrication.**,Handbuilt,Misfits,no,,
1816,#1816,0.035,**#1816 is a bot-free fabrication.**,Handbuilt,Misfits,no,,
1817,#1817,0.035,**#1817 is a bot-free fabrication.**,Handbuilt,Misfits,no,,
1818,#1818,0.035,**#1818 is a bot-free fabrication.**,Handbuilt,Misfits,no,,
1819,#1819,0.035,**#1819 is a bot-free fabrication.**,Handbuilt,Misfits,no,,
1820,#1820,0.035,**#1820 is a bot-free fabrication.**,Handbuilt,Misfits,no,,
1821,#1821,0.035,**#1821 is a bot-free fabrication.**,Handbuilt,Misfits,no,,
1822,#1822,0.035,**#1822 is a bot-free fabrication.**,Handbuilt,Misfits,no,,
1823,#1823,0.035,**#1823 is a bot-free fabrication.**,Handbuilt,Pandemic,no,,
1824,#1824,0.035,**#1824 is a bot-free fabrication.**,Handbuilt,Pandemic,no,,
1825,#1825,0.035,**#1825 is a bot-free fabrication.**,Handbuilt,Pandemic,no,,
1826,#1826,0.035,**#1826 is a bot-free fabrication.**,Handbuilt,Rip,no,,
1827,#1827,0.035,**#1827 is a bot-free fabrication.**,Handbuilt,Rivet,no,,
1828,#1828,0.035,**#1828 is a bot-free fabrication.**,Handbuilt,Rivet,no,,
1829,#1829,0.035,**#1829 is a bot-free fabrication.**,Handbuilt,Sketch,no,,
1830,#1830,0.035,**#1830 is a bot-free fabrication.**,Handbuilt,Sketch,no,,
1831,#1831,0.035,**#1831 is a bot-free fabrication.**,Handbuilt,Sketch,no,,
1832,#1832,0.035,**#1832 is a bot-free fabrication.**,Handbuilt,Sketch,no,,
1833,#1833,0.035,**#1833 is a bot-free fabrication.**,Handbuilt,St Nick,no,,
1834,#1834,0.035,**#1834 is a bot-free fabrication.**,Handbuilt,St Nick,no,,
1835,#1835,0.035,**#1835 is a bot-free fabrication.**,Handbuilt,St Nick,no,,
1836,#1836,0.035,**#1836 is a bot-free fabrication.**,Handbuilt,St Nick,no,,
1837,#1837,0.035,**#1837 is a bot-free fabrication.**,Handbuilt,St Nick,no,,
1838,#1838,0.035,**#1838 is a bot-free fabrication.**,Handbuilt,St Nick,no,,
1839,#1839,0.035,**#1839 is a bot-free fabrication.**,Handbuilt,St Nick,no,,
1840,#1840,0.035,**#1840 is a bot-free fabrication.**,Handbuilt,Tin Dyed,no,,
1841,#1841,0.035,**#1841 is a bot-free fabrication.**,Handbuilt,Tin Dyed,no,,
1842,#1842,0.035,**#1842 is a bot-free fabrication.**,Handbuilt,Tin Dyed,no,,
1843,#1843,0.035,**#1843 is a bot-free fabrication.**,Handbuilt,Tin Dyed,no,,
1844,#1844,0.035,**#1844 is a bot-free fabrication.**,Handbuilt,Tin Dyed,no,,
1845,#1845,0.035,**#1845 is a bot-free fabrication.**,Handbuilt,Tin Dyed,no,,
1846,#1846,0.035,**#1846 is a bot-free fabrication.**,Handbuilt,Tin Man,no,,
1847,#1847,0.035,**#1847 is a bot-free fabrication.**,Handbuilt,Tin Man,no,,
1848,#1848,0.035,**#1848 is a bot-free fabrication.**,Handbuilt,Tin Man,no,,
1849,#1849,0.035,**#1849 is a bot-free fabrication.**,Handbuilt,Tin Man,no,,
1850,#1850,0.035,**#1850 is a bot-free fabrication.**,Handbuilt,Tin Man,no,,
1851,#1851,0.035,**#1851 is a bot-free fabrication.**,Handbuilt,Tin Man,no,,
1852,#1852,0.035,**#1852 is a bot-free fabrication.**,Handbuilt,Tin Man,no,,
1853,#1853,0.035,**#1853 is a bot-free fabrication.**,Handbuilt,Tin Man,no,,
1854,#1854,0.035,**#1854 is a bot-free fabrication.**,Handbuilt,Tin Man,no,,
1855,#1855,0.035,**#1855 is a bot-free fabrication.**,Handbuilt,Tin Man,no,,
1856,#1856,0.035,**#1856 is a bot-free fabrication.**,Handbuilt,Tin Man,no,,
1857,#1857,0.035,**#1857 is a bot-free fabrication.**,Handbuilt,Tin Man,no,,
1858,#1858,0.035,**#1858 is a bot-free fabrication.**,Handbuilt,Tin Man,no,,
1859,#1859,0.035,**#1859 is a bot-free fabrication.**,Handbuilt,Tin Man,no,,
1860,#1860,0.035,**#1860 is a bot-free fabrication.**,Handbuilt,Tin Man,no,,
1861,#1861,0.035,**#1861 is a bot-free fabrication.**,Handbuilt,Tin Man,no,,
1862,#1862,0.035,**#1862 is a bot-free fabrication.**,Handbuilt,Tin Man,no,,
1863,#1863,0.035,**#1863 is a bot-free fabrication.**,Handbuilt,Tin Man,no,,
1864,#1864,0.035,**#1864 is a bot-free fabrication.**,Handbuilt,Tin Man,no,,
1865,#1865,0.035,**#1865 is a bot-free fabrication.**,Handbuilt,Tin Man,no,,
1866,#1866,0.035,**#1866 is a bot-free fabrication.**,Handbuilt,Tin Man,no,,
1867,#1867,0.035,**#1867 is a bot-free fabrication.**,Handbuilt,Tin Man,no,,
1868,#1868,0.035,**#1868 is a bot-free fabrication.**,Handbuilt,Tin Man,no,,
1869,#1869,0.035,**#1869 is a bot-free fabrication.**,Handbuilt,Tin Man,no,,
1870,#1870,0.035,**#1870 is a bot-free fabrication.**,Handbuilt,Tin Man,no,,
1871,#1871,0.035,**#1871 is a bot-free fabrication.**,Handbuilt,Tin Man,no,,
1872,#1872,0.035,**#1872 is a bot-free fabrication.**,Handbuilt,Tin Man,no,,
1873,#1873,0.035,**#1873 is a bot-free fabrication.**,Handbuilt,Tin Man,no,,
1874,#1874,0.035,**#1874 is a bot-free fabrication.**,Handbuilt,Tin Man,no,,
1875,#1875,0.035,**#1875 is a bot-free fabrication.**,Handbuilt,Tin Man,no,,
1876,#1876,0.035,**#1876 is a bot-free fabrication.**,Handbuilt,Tin Man,no,,
1877,#1877,0.035,**#1877 is a bot-free fabrication.**,Handbuilt,Tin Man,no,,
1878,#1878,0.035,**#1878 is a bot-free fabrication.**,Handbuilt,Tin Man,no,,
1879,#1879,0.035,**#1879 is a bot-free fabrication.**,Handbuilt,Tin Man,no,,
1880,#1880,0.035,**#1880 is a bot-free fabrication.**,Handbuilt,Tin Man,no,,
1881,#1881,0.035,**#1881 is a bot-free fabrication.**,Handbuilt,Tin Man,no,,
1882,#1882,0.035,**#1882 is a bot-free fabrication.**,Handbuilt,Tin Man,no,,
1883,#1883,0.035,**#1883 is a bot-free fabrication.**,Handbuilt,Tin Punk,no,,
1884,#1884,0.035,**#1884 is a bot-free fabrication.**,Handbuilt,Tin Static,no,,
1885,#1885,0.035,**#1885 is a bot-free fabrication.**,Handbuilt,Tin Vamp,no,,
1886,#1886,0.035,**#1886 is a bot-free fabrication.**,Handbuilt,Tin Vamp,no,,
1887,#1887,0.035,**#1887 is a bot-free fabrication.**,Handbuilt,Tin Vamp,no,,
1888,#1888,0.035,**#1888 is a bot-free fabrication.**,Handbuilt,Tin Vamp,no,,
1889,#1889,0.035,**#1889 is a bot-free fabrication.**,Handbuilt,Tin Vamp,no,,
1890,#1890,0.035,**#1890 is a bot-free fabrication.**,Handbuilt,Tin Vamp,no,,
1891,#1891,0.035,**#1891 is a bot-free fabrication.**,Handbuilt,Tin Vamp,no,,
1892,#1892,0.035,**#1892 is a bot-free fabrication.**,Handbuilt,Widgets,no,,
1893,#1893,0.035,**#1893 is a bot-free fabrication.**,Handbuilt,Widgets,no,,
1894,#1894,0.035,**#1894 is a bot-free fabrication.**,Handbuilt,Widgets,no,,
1895,#1895,0.035,**#1895 is a bot-free fabrication.**,Handbuilt,Widgets,no,,
1896,#1896,0.035,**#1896 is a bot-free fabrication.**,Handbuilt,Widgets,no,,
1897,#1897,0.035,**#1897 is a bot-free fabrication.**,Handbuilt,Widgets,no,,
1898,#1898,0.035,**#1898 is a bot-free fabrication.**,Handbuilt,Widgets,no,,
1899,#1899,0.035,**#1899 is a bot-free fabrication.**,Handbuilt,Wooz,no,,
